{
	"player":{ "x":5, "y":0 },
	"goal":{"ax":16,"bx":17,"ay":22,"by":23},

	"shadows": [
		
		{"ax":1,"bx":1,"ay":0,"by":14},
		{"ax":1,"bx":12,"ay":14,"by":14},
		{"ax":12,"bx":12,"ay":14,"by":23},
		{"ax":13,"bx":13,"ay":14,"by":22},
		{"ax":13,"bx":17,"ay":14,"by":14},
		{"ax":17,"bx":17,"ay":0,"by":14},
		{"ax":17,"bx":17,"ay":14,"by":23},

		{"ax":5,"bx":5,"ay":0,"by":5},

		{"ax":6,"bx":6,"ay":0,"by":7},
		{"ax":6,"bx":6,"ay":8,"by":11},
		{"ax":6,"bx":6,"ay":12,"by":14},
		{"ax":7,"bx":7,"ay":0,"by":7},
		{"ax":7,"bx":7,"ay":8,"by":11},
		{"ax":7,"bx":7,"ay":12,"by":14},
		
		{"ax":6,"bx":7,"ay":8,"by":8},
		
		{"ax":6,"bx":7,"ay":12,"by":12},

		{"ax":11,"bx":11,"ay":0,"by":8},
		{"ax":11,"bx":11,"ay":9,"by":13},
		{"ax":12,"bx":12,"ay":0,"by":8},
		{"ax":12,"bx":12,"ay":9,"by":13},
		
		{"ax":11,"bx":12,"ay":9,"by":9},
		

		{"ax":12,"bx":17,"ay":9,"by":9}

	],

	"prisms": [
		{"x":5,"y":5},
		{"x":5,"y":10.1},
		{"x":10,"y":5}
	],

	"blocks": [
		{"x":1, "y":9, "frame":2},
		{"x":2, "y":9, "frame":2},
		{"x":3, "y":9, "frame":2},
		{"x":4, "y":9, "frame":2},
		{"x":5, "y":9, "frame":2},

		{"x":15.9, "y":7.9, "frame":13},
		{"x":15.9, "y":10.7, "frame":21}

	],

	"camera": [
		{
			"type": "rails",
			"zone": {"ax":0,"bx":18,"ay":0,"by":5},
			"data": {"ax":9,"bx":9,"ay":0,"by":5}
		},
		{
			"type": "fixed",
			"zone": {"ax":0,"bx":18,"ay":5,"by":14},
			"data": {"x":9,"y":8.5}
		},
		{
			"type": "rails",
			"zone": {"ax":0,"bx":18,"ay":14,"by":18},
			"data": {"ax":9,"bx":9,"ay":14,"by":18}
		},
		{
			"type": "fixed",
			"zone": {"ax":0,"bx":18,"ay":18,"by":23},
			"data": {"x":9,"y":18}
		}
	],

	"checkpoints": [
		{"ax":12,"bx":17,"ay":5,"by":9},
		{"ax":12,"bx":17,"ay":10,"by":14}
	],

	"dialogues": [
		{
			"area": {"ax":12,"bx":17,"ay":5,"by":9},
			"queue": [
				{
					"wait": 1500
				},
				{
					"message": "I wonder... if these laws against upsetting people... upset people?",
					"duration": 4000
				}
			]
		}
	],

	"propaganda": [
		{"type":"image", "img":"propaganda_puzzle_psa", "x":1, "y":2},
		{"type":"image", "img":"propaganda_puzzle_mock", "x":13, "y":15}
	],

	"art": {
		"background": false,
		"cam": false,
		"lights": []
	}

}