{"frames": [

{
	"filename": "Dandy0000",
	"frame": {"x":5,"y":5,"w":150,"h":150},
	"rotated": false,
	"trimmed": false,
	"spriteSourceSize": {"x":0,"y":0,"w":150,"h":150},
	"sourceSize": {"w":150,"h":150}
}
,{
	"filename": "Dandy0001",
	"frame": {"x":5,"y":160,"w":150,"h":150},
	"rotated": false,
	"trimmed": false,
	"spriteSourceSize": {"x":0,"y":0,"w":150,"h":150},
	"sourceSize": {"w":150,"h":150}
}],
"meta": {
	"app": "Adobe Flash CS6",
	"version": "12.0.0.481",
	"image": "Dandy.png",
	"format": "RGBA8888",
	"size": {"w":256,"h":512},
	"scale": "1"
}
}
