{"frames": [

{
	"filename": "Poppy Walk with iEye Trigger0000",
	"frame": {"x":5,"y":5,"w":100,"h":150},
	"rotated": false,
	"trimmed": false,
	"spriteSourceSize": {"x":0,"y":0,"w":100,"h":150},
	"sourceSize": {"w":100,"h":150}
}
,{
	"filename": "Poppy Walk with iEye Trigger0001",
	"frame": {"x":110,"y":5,"w":100,"h":150},
	"rotated": false,
	"trimmed": false,
	"spriteSourceSize": {"x":0,"y":0,"w":100,"h":150},
	"sourceSize": {"w":100,"h":150}
}
,{
	"filename": "Poppy Walk with iEye Trigger0002",
	"frame": {"x":215,"y":5,"w":100,"h":150},
	"rotated": false,
	"trimmed": false,
	"spriteSourceSize": {"x":0,"y":0,"w":100,"h":150},
	"sourceSize": {"w":100,"h":150}
}
,{
	"filename": "Poppy Walk with iEye Trigger0003",
	"frame": {"x":320,"y":5,"w":100,"h":150},
	"rotated": false,
	"trimmed": false,
	"spriteSourceSize": {"x":0,"y":0,"w":100,"h":150},
	"sourceSize": {"w":100,"h":150}
}
,{
	"filename": "Poppy Walk with iEye Trigger0004",
	"frame": {"x":425,"y":5,"w":100,"h":150},
	"rotated": false,
	"trimmed": false,
	"spriteSourceSize": {"x":0,"y":0,"w":100,"h":150},
	"sourceSize": {"w":100,"h":150}
}
,{
	"filename": "Poppy Walk with iEye Trigger0005",
	"frame": {"x":530,"y":5,"w":100,"h":150},
	"rotated": false,
	"trimmed": false,
	"spriteSourceSize": {"x":0,"y":0,"w":100,"h":150},
	"sourceSize": {"w":100,"h":150}
}
,{
	"filename": "Poppy Walk with iEye Trigger0006",
	"frame": {"x":635,"y":5,"w":100,"h":150},
	"rotated": false,
	"trimmed": false,
	"spriteSourceSize": {"x":0,"y":0,"w":100,"h":150},
	"sourceSize": {"w":100,"h":150}
}
,{
	"filename": "Poppy Walk with iEye Trigger0007",
	"frame": {"x":740,"y":5,"w":100,"h":150},
	"rotated": false,
	"trimmed": false,
	"spriteSourceSize": {"x":0,"y":0,"w":100,"h":150},
	"sourceSize": {"w":100,"h":150}
}
,{
	"filename": "Poppy Walk with iEye Trigger0008",
	"frame": {"x":845,"y":5,"w":100,"h":150},
	"rotated": false,
	"trimmed": false,
	"spriteSourceSize": {"x":0,"y":0,"w":100,"h":150},
	"sourceSize": {"w":100,"h":150}
}
,{
	"filename": "Poppy Walk with iEye Trigger0009",
	"frame": {"x":5,"y":160,"w":100,"h":150},
	"rotated": false,
	"trimmed": false,
	"spriteSourceSize": {"x":0,"y":0,"w":100,"h":150},
	"sourceSize": {"w":100,"h":150}
}
,{
	"filename": "Poppy Walk with iEye Trigger0010",
	"frame": {"x":110,"y":160,"w":100,"h":150},
	"rotated": false,
	"trimmed": false,
	"spriteSourceSize": {"x":0,"y":0,"w":100,"h":150},
	"sourceSize": {"w":100,"h":150}
}
,{
	"filename": "Poppy Walk with iEye Trigger0011",
	"frame": {"x":215,"y":160,"w":100,"h":150},
	"rotated": false,
	"trimmed": false,
	"spriteSourceSize": {"x":0,"y":0,"w":100,"h":150},
	"sourceSize": {"w":100,"h":150}
}
,{
	"filename": "Poppy Walk with iEye Trigger0012",
	"frame": {"x":320,"y":160,"w":100,"h":150},
	"rotated": false,
	"trimmed": false,
	"spriteSourceSize": {"x":0,"y":0,"w":100,"h":150},
	"sourceSize": {"w":100,"h":150}
}
,{
	"filename": "Poppy Walk with iEye Trigger0013",
	"frame": {"x":425,"y":160,"w":100,"h":150},
	"rotated": false,
	"trimmed": false,
	"spriteSourceSize": {"x":0,"y":0,"w":100,"h":150},
	"sourceSize": {"w":100,"h":150}
}
,{
	"filename": "Poppy Walk with iEye Trigger0014",
	"frame": {"x":530,"y":160,"w":100,"h":150},
	"rotated": false,
	"trimmed": false,
	"spriteSourceSize": {"x":0,"y":0,"w":100,"h":150},
	"sourceSize": {"w":100,"h":150}
}
,{
	"filename": "Poppy Walk with iEye Trigger0015",
	"frame": {"x":635,"y":160,"w":100,"h":150},
	"rotated": false,
	"trimmed": false,
	"spriteSourceSize": {"x":0,"y":0,"w":100,"h":150},
	"sourceSize": {"w":100,"h":150}
}
,{
	"filename": "Poppy Walk with iEye Trigger0016",
	"frame": {"x":740,"y":160,"w":100,"h":150},
	"rotated": false,
	"trimmed": false,
	"spriteSourceSize": {"x":0,"y":0,"w":100,"h":150},
	"sourceSize": {"w":100,"h":150}
}
,{
	"filename": "Poppy Walk with iEye Trigger0017",
	"frame": {"x":845,"y":160,"w":100,"h":150},
	"rotated": false,
	"trimmed": false,
	"spriteSourceSize": {"x":0,"y":0,"w":100,"h":150},
	"sourceSize": {"w":100,"h":150}
}
,{
	"filename": "Poppy Walk with iEye Trigger0018",
	"frame": {"x":5,"y":315,"w":100,"h":150},
	"rotated": false,
	"trimmed": false,
	"spriteSourceSize": {"x":0,"y":0,"w":100,"h":150},
	"sourceSize": {"w":100,"h":150}
}
,{
	"filename": "Poppy Walk with iEye Trigger0019",
	"frame": {"x":110,"y":315,"w":100,"h":150},
	"rotated": false,
	"trimmed": false,
	"spriteSourceSize": {"x":0,"y":0,"w":100,"h":150},
	"sourceSize": {"w":100,"h":150}
}
,{
	"filename": "Poppy Walk with iEye Trigger0020",
	"frame": {"x":215,"y":315,"w":100,"h":150},
	"rotated": false,
	"trimmed": false,
	"spriteSourceSize": {"x":0,"y":0,"w":100,"h":150},
	"sourceSize": {"w":100,"h":150}
}
,{
	"filename": "Poppy Walk with iEye Trigger0021",
	"frame": {"x":320,"y":315,"w":100,"h":150},
	"rotated": false,
	"trimmed": false,
	"spriteSourceSize": {"x":0,"y":0,"w":100,"h":150},
	"sourceSize": {"w":100,"h":150}
}
,{
	"filename": "Poppy Walk with iEye Trigger0022",
	"frame": {"x":425,"y":315,"w":100,"h":150},
	"rotated": false,
	"trimmed": false,
	"spriteSourceSize": {"x":0,"y":0,"w":100,"h":150},
	"sourceSize": {"w":100,"h":150}
}
,{
	"filename": "Poppy Walk with iEye Trigger0023",
	"frame": {"x":530,"y":315,"w":100,"h":150},
	"rotated": false,
	"trimmed": false,
	"spriteSourceSize": {"x":0,"y":0,"w":100,"h":150},
	"sourceSize": {"w":100,"h":150}
}
,{
	"filename": "Poppy Walk with iEye Trigger0024",
	"frame": {"x":635,"y":315,"w":100,"h":150},
	"rotated": false,
	"trimmed": false,
	"spriteSourceSize": {"x":0,"y":0,"w":100,"h":150},
	"sourceSize": {"w":100,"h":150}
}
,{
	"filename": "Poppy Walk with iEye Trigger0025",
	"frame": {"x":740,"y":315,"w":100,"h":150},
	"rotated": false,
	"trimmed": false,
	"spriteSourceSize": {"x":0,"y":0,"w":100,"h":150},
	"sourceSize": {"w":100,"h":150}
}
,{
	"filename": "Poppy Walk with iEye Trigger0026",
	"frame": {"x":845,"y":315,"w":100,"h":150},
	"rotated": false,
	"trimmed": false,
	"spriteSourceSize": {"x":0,"y":0,"w":100,"h":150},
	"sourceSize": {"w":100,"h":150}
}
,{
	"filename": "Poppy Walk with iEye Trigger0027",
	"frame": {"x":5,"y":470,"w":100,"h":150},
	"rotated": false,
	"trimmed": false,
	"spriteSourceSize": {"x":0,"y":0,"w":100,"h":150},
	"sourceSize": {"w":100,"h":150}
}],
"meta": {
	"app": "Adobe Flash CS6",
	"version": "12.0.0.481",
	"image": "Poppy_Walk_With_Eye_2.png",
	"format": "RGBA8888",
	"size": {"w":1024,"h":1024},
	"scale": "1"
}
}
