{"frames": [

{
	"filename": "Poppy Shot0000",
	"frame": {"x":5,"y":5,"w":196,"h":171},
	"rotated": false,
	"trimmed": false,
	"spriteSourceSize": {"x":0,"y":0,"w":196,"h":171},
	"sourceSize": {"w":196,"h":171}
}
,{
	"filename": "Poppy Shot0001",
	"frame": {"x":206,"y":5,"w":196,"h":171},
	"rotated": false,
	"trimmed": false,
	"spriteSourceSize": {"x":0,"y":0,"w":196,"h":171},
	"sourceSize": {"w":196,"h":171}
}
,{
	"filename": "Poppy Shot0002",
	"frame": {"x":407,"y":5,"w":196,"h":171},
	"rotated": false,
	"trimmed": false,
	"spriteSourceSize": {"x":0,"y":0,"w":196,"h":171},
	"sourceSize": {"w":196,"h":171}
}
,{
	"filename": "Poppy Shot0003",
	"frame": {"x":608,"y":5,"w":196,"h":171},
	"rotated": false,
	"trimmed": false,
	"spriteSourceSize": {"x":0,"y":0,"w":196,"h":171},
	"sourceSize": {"w":196,"h":171}
}
,{
	"filename": "Poppy Shot0004",
	"frame": {"x":809,"y":5,"w":196,"h":171},
	"rotated": false,
	"trimmed": false,
	"spriteSourceSize": {"x":0,"y":0,"w":196,"h":171},
	"sourceSize": {"w":196,"h":171}
}
,{
	"filename": "Poppy Shot0005",
	"frame": {"x":5,"y":181,"w":196,"h":171},
	"rotated": false,
	"trimmed": false,
	"spriteSourceSize": {"x":0,"y":0,"w":196,"h":171},
	"sourceSize": {"w":196,"h":171}
}
,{
	"filename": "Poppy Shot0006",
	"frame": {"x":206,"y":181,"w":196,"h":171},
	"rotated": false,
	"trimmed": false,
	"spriteSourceSize": {"x":0,"y":0,"w":196,"h":171},
	"sourceSize": {"w":196,"h":171}
}
,{
	"filename": "Poppy Shot0007",
	"frame": {"x":407,"y":181,"w":196,"h":171},
	"rotated": false,
	"trimmed": false,
	"spriteSourceSize": {"x":0,"y":0,"w":196,"h":171},
	"sourceSize": {"w":196,"h":171}
}
,{
	"filename": "Poppy Shot0008",
	"frame": {"x":608,"y":181,"w":196,"h":171},
	"rotated": false,
	"trimmed": false,
	"spriteSourceSize": {"x":0,"y":0,"w":196,"h":171},
	"sourceSize": {"w":196,"h":171}
}
,{
	"filename": "Poppy Shot0009",
	"frame": {"x":809,"y":181,"w":196,"h":171},
	"rotated": false,
	"trimmed": false,
	"spriteSourceSize": {"x":0,"y":0,"w":196,"h":171},
	"sourceSize": {"w":196,"h":171}
}
,{
	"filename": "Poppy Shot0010",
	"frame": {"x":5,"y":357,"w":196,"h":171},
	"rotated": false,
	"trimmed": false,
	"spriteSourceSize": {"x":0,"y":0,"w":196,"h":171},
	"sourceSize": {"w":196,"h":171}
}
,{
	"filename": "Poppy Shot0011",
	"frame": {"x":206,"y":357,"w":196,"h":171},
	"rotated": false,
	"trimmed": false,
	"spriteSourceSize": {"x":0,"y":0,"w":196,"h":171},
	"sourceSize": {"w":196,"h":171}
}
,{
	"filename": "Poppy Shot0012",
	"frame": {"x":407,"y":357,"w":196,"h":171},
	"rotated": false,
	"trimmed": false,
	"spriteSourceSize": {"x":0,"y":0,"w":196,"h":171},
	"sourceSize": {"w":196,"h":171}
}
,{
	"filename": "Poppy Shot0013",
	"frame": {"x":608,"y":357,"w":196,"h":171},
	"rotated": false,
	"trimmed": false,
	"spriteSourceSize": {"x":0,"y":0,"w":196,"h":171},
	"sourceSize": {"w":196,"h":171}
}
,{
	"filename": "Poppy Shot0014",
	"frame": {"x":809,"y":357,"w":196,"h":171},
	"rotated": false,
	"trimmed": false,
	"spriteSourceSize": {"x":0,"y":0,"w":196,"h":171},
	"sourceSize": {"w":196,"h":171}
}
,{
	"filename": "Poppy Shot0015",
	"frame": {"x":5,"y":533,"w":196,"h":171},
	"rotated": false,
	"trimmed": false,
	"spriteSourceSize": {"x":0,"y":0,"w":196,"h":171},
	"sourceSize": {"w":196,"h":171}
}
,{
	"filename": "Poppy Shot0016",
	"frame": {"x":206,"y":533,"w":196,"h":171},
	"rotated": false,
	"trimmed": false,
	"spriteSourceSize": {"x":0,"y":0,"w":196,"h":171},
	"sourceSize": {"w":196,"h":171}
}
,{
	"filename": "Poppy Shot0017",
	"frame": {"x":407,"y":533,"w":196,"h":171},
	"rotated": false,
	"trimmed": false,
	"spriteSourceSize": {"x":0,"y":0,"w":196,"h":171},
	"sourceSize": {"w":196,"h":171}
}
,{
	"filename": "Poppy Shot0018",
	"frame": {"x":608,"y":533,"w":196,"h":171},
	"rotated": false,
	"trimmed": false,
	"spriteSourceSize": {"x":0,"y":0,"w":196,"h":171},
	"sourceSize": {"w":196,"h":171}
}
,{
	"filename": "Poppy Shot0019",
	"frame": {"x":809,"y":533,"w":196,"h":171},
	"rotated": false,
	"trimmed": false,
	"spriteSourceSize": {"x":0,"y":0,"w":196,"h":171},
	"sourceSize": {"w":196,"h":171}
}
,{
	"filename": "Poppy Shot0020",
	"frame": {"x":5,"y":709,"w":196,"h":171},
	"rotated": false,
	"trimmed": false,
	"spriteSourceSize": {"x":0,"y":0,"w":196,"h":171},
	"sourceSize": {"w":196,"h":171}
}
,{
	"filename": "Poppy Shot0021",
	"frame": {"x":206,"y":709,"w":196,"h":171},
	"rotated": false,
	"trimmed": false,
	"spriteSourceSize": {"x":0,"y":0,"w":196,"h":171},
	"sourceSize": {"w":196,"h":171}
}
,{
	"filename": "Poppy Shot0022",
	"frame": {"x":407,"y":709,"w":196,"h":171},
	"rotated": false,
	"trimmed": false,
	"spriteSourceSize": {"x":0,"y":0,"w":196,"h":171},
	"sourceSize": {"w":196,"h":171}
}
,{
	"filename": "Poppy Shot0023",
	"frame": {"x":608,"y":709,"w":196,"h":171},
	"rotated": false,
	"trimmed": false,
	"spriteSourceSize": {"x":0,"y":0,"w":196,"h":171},
	"sourceSize": {"w":196,"h":171}
}
,{
	"filename": "Poppy Shot0024",
	"frame": {"x":809,"y":709,"w":196,"h":171},
	"rotated": false,
	"trimmed": false,
	"spriteSourceSize": {"x":0,"y":0,"w":196,"h":171},
	"sourceSize": {"w":196,"h":171}
}
,{
	"filename": "Poppy Shot0025",
	"frame": {"x":5,"y":885,"w":196,"h":171},
	"rotated": false,
	"trimmed": false,
	"spriteSourceSize": {"x":0,"y":0,"w":196,"h":171},
	"sourceSize": {"w":196,"h":171}
}
,{
	"filename": "Poppy Shot0026",
	"frame": {"x":206,"y":885,"w":196,"h":171},
	"rotated": false,
	"trimmed": false,
	"spriteSourceSize": {"x":0,"y":0,"w":196,"h":171},
	"sourceSize": {"w":196,"h":171}
}
,{
	"filename": "Poppy Shot0027",
	"frame": {"x":407,"y":885,"w":196,"h":171},
	"rotated": false,
	"trimmed": false,
	"spriteSourceSize": {"x":0,"y":0,"w":196,"h":171},
	"sourceSize": {"w":196,"h":171}
}
,{
	"filename": "Poppy Shot0028",
	"frame": {"x":407,"y":885,"w":196,"h":171},
	"rotated": false,
	"trimmed": false,
	"spriteSourceSize": {"x":0,"y":0,"w":196,"h":171},
	"sourceSize": {"w":196,"h":171}
}
,{
	"filename": "Poppy Shot0029",
	"frame": {"x":407,"y":885,"w":196,"h":171},
	"rotated": false,
	"trimmed": false,
	"spriteSourceSize": {"x":0,"y":0,"w":196,"h":171},
	"sourceSize": {"w":196,"h":171}
}
,{
	"filename": "Poppy Shot0030",
	"frame": {"x":407,"y":885,"w":196,"h":171},
	"rotated": false,
	"trimmed": false,
	"spriteSourceSize": {"x":0,"y":0,"w":196,"h":171},
	"sourceSize": {"w":196,"h":171}
}
,{
	"filename": "Poppy Shot0031",
	"frame": {"x":407,"y":885,"w":196,"h":171},
	"rotated": false,
	"trimmed": false,
	"spriteSourceSize": {"x":0,"y":0,"w":196,"h":171},
	"sourceSize": {"w":196,"h":171}
}
,{
	"filename": "Poppy Shot0032",
	"frame": {"x":407,"y":885,"w":196,"h":171},
	"rotated": false,
	"trimmed": false,
	"spriteSourceSize": {"x":0,"y":0,"w":196,"h":171},
	"sourceSize": {"w":196,"h":171}
}
,{
	"filename": "Poppy Shot0033",
	"frame": {"x":407,"y":885,"w":196,"h":171},
	"rotated": false,
	"trimmed": false,
	"spriteSourceSize": {"x":0,"y":0,"w":196,"h":171},
	"sourceSize": {"w":196,"h":171}
}
,{
	"filename": "Poppy Shot0034",
	"frame": {"x":407,"y":885,"w":196,"h":171},
	"rotated": false,
	"trimmed": false,
	"spriteSourceSize": {"x":0,"y":0,"w":196,"h":171},
	"sourceSize": {"w":196,"h":171}
}
,{
	"filename": "Poppy Shot0035",
	"frame": {"x":407,"y":885,"w":196,"h":171},
	"rotated": false,
	"trimmed": false,
	"spriteSourceSize": {"x":0,"y":0,"w":196,"h":171},
	"sourceSize": {"w":196,"h":171}
}
,{
	"filename": "Poppy Shot0036",
	"frame": {"x":407,"y":885,"w":196,"h":171},
	"rotated": false,
	"trimmed": false,
	"spriteSourceSize": {"x":0,"y":0,"w":196,"h":171},
	"sourceSize": {"w":196,"h":171}
}
,{
	"filename": "Poppy Shot0037",
	"frame": {"x":407,"y":885,"w":196,"h":171},
	"rotated": false,
	"trimmed": false,
	"spriteSourceSize": {"x":0,"y":0,"w":196,"h":171},
	"sourceSize": {"w":196,"h":171}
}
,{
	"filename": "Poppy Shot0038",
	"frame": {"x":407,"y":885,"w":196,"h":171},
	"rotated": false,
	"trimmed": false,
	"spriteSourceSize": {"x":0,"y":0,"w":196,"h":171},
	"sourceSize": {"w":196,"h":171}
}
,{
	"filename": "Poppy Shot0039",
	"frame": {"x":407,"y":885,"w":196,"h":171},
	"rotated": false,
	"trimmed": false,
	"spriteSourceSize": {"x":0,"y":0,"w":196,"h":171},
	"sourceSize": {"w":196,"h":171}
}
,{
	"filename": "Poppy Shot0040",
	"frame": {"x":407,"y":885,"w":196,"h":171},
	"rotated": false,
	"trimmed": false,
	"spriteSourceSize": {"x":0,"y":0,"w":196,"h":171},
	"sourceSize": {"w":196,"h":171}
}
,{
	"filename": "Poppy Shot0041",
	"frame": {"x":407,"y":885,"w":196,"h":171},
	"rotated": false,
	"trimmed": false,
	"spriteSourceSize": {"x":0,"y":0,"w":196,"h":171},
	"sourceSize": {"w":196,"h":171}
}
,{
	"filename": "Poppy Shot0042",
	"frame": {"x":407,"y":885,"w":196,"h":171},
	"rotated": false,
	"trimmed": false,
	"spriteSourceSize": {"x":0,"y":0,"w":196,"h":171},
	"sourceSize": {"w":196,"h":171}
}
,{
	"filename": "Poppy Shot0043",
	"frame": {"x":407,"y":885,"w":196,"h":171},
	"rotated": false,
	"trimmed": false,
	"spriteSourceSize": {"x":0,"y":0,"w":196,"h":171},
	"sourceSize": {"w":196,"h":171}
}
,{
	"filename": "Poppy Shot0044",
	"frame": {"x":407,"y":885,"w":196,"h":171},
	"rotated": false,
	"trimmed": false,
	"spriteSourceSize": {"x":0,"y":0,"w":196,"h":171},
	"sourceSize": {"w":196,"h":171}
}
,{
	"filename": "Poppy Shot0045",
	"frame": {"x":407,"y":885,"w":196,"h":171},
	"rotated": false,
	"trimmed": false,
	"spriteSourceSize": {"x":0,"y":0,"w":196,"h":171},
	"sourceSize": {"w":196,"h":171}
}
,{
	"filename": "Poppy Shot0046",
	"frame": {"x":407,"y":885,"w":196,"h":171},
	"rotated": false,
	"trimmed": false,
	"spriteSourceSize": {"x":0,"y":0,"w":196,"h":171},
	"sourceSize": {"w":196,"h":171}
}
,{
	"filename": "Poppy Shot0047",
	"frame": {"x":407,"y":885,"w":196,"h":171},
	"rotated": false,
	"trimmed": false,
	"spriteSourceSize": {"x":0,"y":0,"w":196,"h":171},
	"sourceSize": {"w":196,"h":171}
}
,{
	"filename": "Poppy Shot0048",
	"frame": {"x":407,"y":885,"w":196,"h":171},
	"rotated": false,
	"trimmed": false,
	"spriteSourceSize": {"x":0,"y":0,"w":196,"h":171},
	"sourceSize": {"w":196,"h":171}
}
,{
	"filename": "Poppy Shot0049",
	"frame": {"x":407,"y":885,"w":196,"h":171},
	"rotated": false,
	"trimmed": false,
	"spriteSourceSize": {"x":0,"y":0,"w":196,"h":171},
	"sourceSize": {"w":196,"h":171}
}
,{
	"filename": "Poppy Shot0050",
	"frame": {"x":407,"y":885,"w":196,"h":171},
	"rotated": false,
	"trimmed": false,
	"spriteSourceSize": {"x":0,"y":0,"w":196,"h":171},
	"sourceSize": {"w":196,"h":171}
}
,{
	"filename": "Poppy Shot0051",
	"frame": {"x":407,"y":885,"w":196,"h":171},
	"rotated": false,
	"trimmed": false,
	"spriteSourceSize": {"x":0,"y":0,"w":196,"h":171},
	"sourceSize": {"w":196,"h":171}
}
,{
	"filename": "Poppy Shot0052",
	"frame": {"x":407,"y":885,"w":196,"h":171},
	"rotated": false,
	"trimmed": false,
	"spriteSourceSize": {"x":0,"y":0,"w":196,"h":171},
	"sourceSize": {"w":196,"h":171}
}
,{
	"filename": "Poppy Shot0053",
	"frame": {"x":407,"y":885,"w":196,"h":171},
	"rotated": false,
	"trimmed": false,
	"spriteSourceSize": {"x":0,"y":0,"w":196,"h":171},
	"sourceSize": {"w":196,"h":171}
}
,{
	"filename": "Poppy Shot0054",
	"frame": {"x":407,"y":885,"w":196,"h":171},
	"rotated": false,
	"trimmed": false,
	"spriteSourceSize": {"x":0,"y":0,"w":196,"h":171},
	"sourceSize": {"w":196,"h":171}
}
,{
	"filename": "Poppy Shot0055",
	"frame": {"x":407,"y":885,"w":196,"h":171},
	"rotated": false,
	"trimmed": false,
	"spriteSourceSize": {"x":0,"y":0,"w":196,"h":171},
	"sourceSize": {"w":196,"h":171}
}
,{
	"filename": "Poppy Shot0056",
	"frame": {"x":407,"y":885,"w":196,"h":171},
	"rotated": false,
	"trimmed": false,
	"spriteSourceSize": {"x":0,"y":0,"w":196,"h":171},
	"sourceSize": {"w":196,"h":171}
}
,{
	"filename": "Poppy Shot0057",
	"frame": {"x":407,"y":885,"w":196,"h":171},
	"rotated": false,
	"trimmed": false,
	"spriteSourceSize": {"x":0,"y":0,"w":196,"h":171},
	"sourceSize": {"w":196,"h":171}
}
,{
	"filename": "Poppy Shot0058",
	"frame": {"x":407,"y":885,"w":196,"h":171},
	"rotated": false,
	"trimmed": false,
	"spriteSourceSize": {"x":0,"y":0,"w":196,"h":171},
	"sourceSize": {"w":196,"h":171}
}
,{
	"filename": "Poppy Shot0059",
	"frame": {"x":407,"y":885,"w":196,"h":171},
	"rotated": false,
	"trimmed": false,
	"spriteSourceSize": {"x":0,"y":0,"w":196,"h":171},
	"sourceSize": {"w":196,"h":171}
}],
"meta": {
	"app": "Adobe Flash CS6",
	"version": "12.0.0.481",
	"image": "Poppy_Shot.png",
	"format": "RGBA8888",
	"size": {"w":1024,"h":2048},
	"scale": "1"
}
}
