{"frames": [

{
	"filename": "Poppy Walk with iEye0000",
	"frame": {"x":5,"y":5,"w":100,"h":150},
	"rotated": false,
	"trimmed": false,
	"spriteSourceSize": {"x":0,"y":0,"w":100,"h":150},
	"sourceSize": {"w":100,"h":150}
}
,{
	"filename": "Poppy Walk with iEye0001",
	"frame": {"x":110,"y":5,"w":100,"h":150},
	"rotated": false,
	"trimmed": false,
	"spriteSourceSize": {"x":0,"y":0,"w":100,"h":150},
	"sourceSize": {"w":100,"h":150}
}
,{
	"filename": "Poppy Walk with iEye0002",
	"frame": {"x":215,"y":5,"w":100,"h":150},
	"rotated": false,
	"trimmed": false,
	"spriteSourceSize": {"x":0,"y":0,"w":100,"h":150},
	"sourceSize": {"w":100,"h":150}
}
,{
	"filename": "Poppy Walk with iEye0003",
	"frame": {"x":320,"y":5,"w":100,"h":150},
	"rotated": false,
	"trimmed": false,
	"spriteSourceSize": {"x":0,"y":0,"w":100,"h":150},
	"sourceSize": {"w":100,"h":150}
}
,{
	"filename": "Poppy Walk with iEye0004",
	"frame": {"x":425,"y":5,"w":100,"h":150},
	"rotated": false,
	"trimmed": false,
	"spriteSourceSize": {"x":0,"y":0,"w":100,"h":150},
	"sourceSize": {"w":100,"h":150}
}
,{
	"filename": "Poppy Walk with iEye0005",
	"frame": {"x":530,"y":5,"w":100,"h":150},
	"rotated": false,
	"trimmed": false,
	"spriteSourceSize": {"x":0,"y":0,"w":100,"h":150},
	"sourceSize": {"w":100,"h":150}
}
,{
	"filename": "Poppy Walk with iEye0006",
	"frame": {"x":635,"y":5,"w":100,"h":150},
	"rotated": false,
	"trimmed": false,
	"spriteSourceSize": {"x":0,"y":0,"w":100,"h":150},
	"sourceSize": {"w":100,"h":150}
}
,{
	"filename": "Poppy Walk with iEye0007",
	"frame": {"x":740,"y":5,"w":100,"h":150},
	"rotated": false,
	"trimmed": false,
	"spriteSourceSize": {"x":0,"y":0,"w":100,"h":150},
	"sourceSize": {"w":100,"h":150}
}
,{
	"filename": "Poppy Walk with iEye0008",
	"frame": {"x":845,"y":5,"w":100,"h":150},
	"rotated": false,
	"trimmed": false,
	"spriteSourceSize": {"x":0,"y":0,"w":100,"h":150},
	"sourceSize": {"w":100,"h":150}
}
,{
	"filename": "Poppy Walk with iEye0009",
	"frame": {"x":5,"y":160,"w":100,"h":150},
	"rotated": false,
	"trimmed": false,
	"spriteSourceSize": {"x":0,"y":0,"w":100,"h":150},
	"sourceSize": {"w":100,"h":150}
}
,{
	"filename": "Poppy Walk with iEye0010",
	"frame": {"x":110,"y":160,"w":100,"h":150},
	"rotated": false,
	"trimmed": false,
	"spriteSourceSize": {"x":0,"y":0,"w":100,"h":150},
	"sourceSize": {"w":100,"h":150}
}
,{
	"filename": "Poppy Walk with iEye0011",
	"frame": {"x":215,"y":160,"w":100,"h":150},
	"rotated": false,
	"trimmed": false,
	"spriteSourceSize": {"x":0,"y":0,"w":100,"h":150},
	"sourceSize": {"w":100,"h":150}
}
,{
	"filename": "Poppy Walk with iEye0012",
	"frame": {"x":320,"y":160,"w":100,"h":150},
	"rotated": false,
	"trimmed": false,
	"spriteSourceSize": {"x":0,"y":0,"w":100,"h":150},
	"sourceSize": {"w":100,"h":150}
}
,{
	"filename": "Poppy Walk with iEye0013",
	"frame": {"x":425,"y":160,"w":100,"h":150},
	"rotated": false,
	"trimmed": false,
	"spriteSourceSize": {"x":0,"y":0,"w":100,"h":150},
	"sourceSize": {"w":100,"h":150}
}
,{
	"filename": "Poppy Walk with iEye0014",
	"frame": {"x":530,"y":160,"w":100,"h":150},
	"rotated": false,
	"trimmed": false,
	"spriteSourceSize": {"x":0,"y":0,"w":100,"h":150},
	"sourceSize": {"w":100,"h":150}
}
,{
	"filename": "Poppy Walk with iEye0015",
	"frame": {"x":635,"y":160,"w":100,"h":150},
	"rotated": false,
	"trimmed": false,
	"spriteSourceSize": {"x":0,"y":0,"w":100,"h":150},
	"sourceSize": {"w":100,"h":150}
}
,{
	"filename": "Poppy Walk with iEye0016",
	"frame": {"x":740,"y":160,"w":100,"h":150},
	"rotated": false,
	"trimmed": false,
	"spriteSourceSize": {"x":0,"y":0,"w":100,"h":150},
	"sourceSize": {"w":100,"h":150}
}
,{
	"filename": "Poppy Walk with iEye0017",
	"frame": {"x":845,"y":160,"w":100,"h":150},
	"rotated": false,
	"trimmed": false,
	"spriteSourceSize": {"x":0,"y":0,"w":100,"h":150},
	"sourceSize": {"w":100,"h":150}
}
,{
	"filename": "Poppy Walk with iEye0018",
	"frame": {"x":5,"y":315,"w":100,"h":150},
	"rotated": false,
	"trimmed": false,
	"spriteSourceSize": {"x":0,"y":0,"w":100,"h":150},
	"sourceSize": {"w":100,"h":150}
}
,{
	"filename": "Poppy Walk with iEye0019",
	"frame": {"x":110,"y":315,"w":100,"h":150},
	"rotated": false,
	"trimmed": false,
	"spriteSourceSize": {"x":0,"y":0,"w":100,"h":150},
	"sourceSize": {"w":100,"h":150}
}
,{
	"filename": "Poppy Walk with iEye0020",
	"frame": {"x":215,"y":315,"w":100,"h":150},
	"rotated": false,
	"trimmed": false,
	"spriteSourceSize": {"x":0,"y":0,"w":100,"h":150},
	"sourceSize": {"w":100,"h":150}
}
,{
	"filename": "Poppy Walk with iEye0021",
	"frame": {"x":320,"y":315,"w":100,"h":150},
	"rotated": false,
	"trimmed": false,
	"spriteSourceSize": {"x":0,"y":0,"w":100,"h":150},
	"sourceSize": {"w":100,"h":150}
}
,{
	"filename": "Poppy Walk with iEye0022",
	"frame": {"x":425,"y":315,"w":100,"h":150},
	"rotated": false,
	"trimmed": false,
	"spriteSourceSize": {"x":0,"y":0,"w":100,"h":150},
	"sourceSize": {"w":100,"h":150}
}
,{
	"filename": "Poppy Walk with iEye0023",
	"frame": {"x":530,"y":315,"w":100,"h":150},
	"rotated": false,
	"trimmed": false,
	"spriteSourceSize": {"x":0,"y":0,"w":100,"h":150},
	"sourceSize": {"w":100,"h":150}
}
,{
	"filename": "Poppy Walk with iEye0024",
	"frame": {"x":635,"y":315,"w":100,"h":150},
	"rotated": false,
	"trimmed": false,
	"spriteSourceSize": {"x":0,"y":0,"w":100,"h":150},
	"sourceSize": {"w":100,"h":150}
}
,{
	"filename": "Poppy Walk with iEye0025",
	"frame": {"x":740,"y":315,"w":100,"h":150},
	"rotated": false,
	"trimmed": false,
	"spriteSourceSize": {"x":0,"y":0,"w":100,"h":150},
	"sourceSize": {"w":100,"h":150}
}
,{
	"filename": "Poppy Walk with iEye0026",
	"frame": {"x":845,"y":315,"w":100,"h":150},
	"rotated": false,
	"trimmed": false,
	"spriteSourceSize": {"x":0,"y":0,"w":100,"h":150},
	"sourceSize": {"w":100,"h":150}
}
,{
	"filename": "Poppy Walk with iEye0027",
	"frame": {"x":5,"y":470,"w":100,"h":150},
	"rotated": false,
	"trimmed": false,
	"spriteSourceSize": {"x":0,"y":0,"w":100,"h":150},
	"sourceSize": {"w":100,"h":150}
}],
"meta": {
	"app": "Adobe Flash CS6",
	"version": "12.0.0.481",
	"image": "Poppy_Walk_With_Eye.png",
	"format": "RGBA8888",
	"size": {"w":1024,"h":1024},
	"scale": "1"
}
}
