{"frames": [

{
	"filename": "eye0000",
	"frame": {"x":5,"y":5,"w":10,"h":10},
	"rotated": false,
	"trimmed": false,
	"spriteSourceSize": {"x":0,"y":0,"w":10,"h":10},
	"sourceSize": {"w":10,"h":10}
}
,{
	"filename": "eye0001",
	"frame": {"x":5,"y":20,"w":10,"h":10},
	"rotated": false,
	"trimmed": false,
	"spriteSourceSize": {"x":0,"y":0,"w":10,"h":10},
	"sourceSize": {"w":10,"h":10}
}],
"meta": {
	"app": "Adobe Flash CS6",
	"version": "12.0.0.481",
	"image": "PrismEye.png",
	"format": "RGBA8888",
	"size": {"w":32,"h":64},
	"scale": "1"
}
}
