{"frames": [

{
	"filename": "prop0000",
	"frame": {"x":5,"y":5,"w":100,"h":150},
	"rotated": false,
	"trimmed": true,
	"spriteSourceSize": {"x":0,"y":0,"w":100,"h":151},
	"sourceSize": {"w":100,"h":151}
}
,{
	"filename": "prop0001",
	"frame": {"x":110,"y":5,"w":100,"h":150},
	"rotated": false,
	"trimmed": true,
	"spriteSourceSize": {"x":0,"y":0,"w":100,"h":151},
	"sourceSize": {"w":100,"h":151}
}
,{
	"filename": "prop0002",
	"frame": {"x":215,"y":5,"w":100,"h":150},
	"rotated": false,
	"trimmed": true,
	"spriteSourceSize": {"x":0,"y":0,"w":100,"h":151},
	"sourceSize": {"w":100,"h":151}
}
,{
	"filename": "prop0003",
	"frame": {"x":320,"y":5,"w":100,"h":150},
	"rotated": false,
	"trimmed": true,
	"spriteSourceSize": {"x":0,"y":0,"w":100,"h":151},
	"sourceSize": {"w":100,"h":151}
}
,{
	"filename": "prop0004",
	"frame": {"x":425,"y":5,"w":100,"h":150},
	"rotated": false,
	"trimmed": true,
	"spriteSourceSize": {"x":0,"y":0,"w":100,"h":151},
	"sourceSize": {"w":100,"h":151}
}
,{
	"filename": "prop0005",
	"frame": {"x":530,"y":5,"w":100,"h":150},
	"rotated": false,
	"trimmed": true,
	"spriteSourceSize": {"x":0,"y":0,"w":100,"h":151},
	"sourceSize": {"w":100,"h":151}
}
,{
	"filename": "prop0006",
	"frame": {"x":635,"y":5,"w":100,"h":150},
	"rotated": false,
	"trimmed": true,
	"spriteSourceSize": {"x":0,"y":0,"w":100,"h":151},
	"sourceSize": {"w":100,"h":151}
}
,{
	"filename": "prop0007",
	"frame": {"x":740,"y":5,"w":100,"h":150},
	"rotated": false,
	"trimmed": true,
	"spriteSourceSize": {"x":0,"y":0,"w":100,"h":151},
	"sourceSize": {"w":100,"h":151}
}
,{
	"filename": "prop0008",
	"frame": {"x":845,"y":5,"w":100,"h":150},
	"rotated": false,
	"trimmed": true,
	"spriteSourceSize": {"x":0,"y":0,"w":100,"h":151},
	"sourceSize": {"w":100,"h":151}
}
,{
	"filename": "prop0009",
	"frame": {"x":5,"y":160,"w":100,"h":150},
	"rotated": false,
	"trimmed": true,
	"spriteSourceSize": {"x":0,"y":0,"w":100,"h":151},
	"sourceSize": {"w":100,"h":151}
}
,{
	"filename": "prop0010",
	"frame": {"x":110,"y":160,"w":100,"h":150},
	"rotated": false,
	"trimmed": true,
	"spriteSourceSize": {"x":0,"y":0,"w":100,"h":151},
	"sourceSize": {"w":100,"h":151}
}
,{
	"filename": "prop0011",
	"frame": {"x":215,"y":160,"w":100,"h":151},
	"rotated": false,
	"trimmed": false,
	"spriteSourceSize": {"x":0,"y":0,"w":100,"h":151},
	"sourceSize": {"w":100,"h":151}
}
,{
	"filename": "prop0012",
	"frame": {"x":320,"y":160,"w":100,"h":150},
	"rotated": false,
	"trimmed": true,
	"spriteSourceSize": {"x":0,"y":0,"w":100,"h":151},
	"sourceSize": {"w":100,"h":151}
}
,{
	"filename": "prop0013",
	"frame": {"x":425,"y":160,"w":100,"h":150},
	"rotated": false,
	"trimmed": true,
	"spriteSourceSize": {"x":0,"y":0,"w":100,"h":151},
	"sourceSize": {"w":100,"h":151}
}
,{
	"filename": "prop0014",
	"frame": {"x":530,"y":160,"w":100,"h":150},
	"rotated": false,
	"trimmed": true,
	"spriteSourceSize": {"x":0,"y":0,"w":100,"h":151},
	"sourceSize": {"w":100,"h":151}
}
,{
	"filename": "prop0015",
	"frame": {"x":635,"y":160,"w":100,"h":150},
	"rotated": false,
	"trimmed": true,
	"spriteSourceSize": {"x":0,"y":0,"w":100,"h":151},
	"sourceSize": {"w":100,"h":151}
}
,{
	"filename": "prop0016",
	"frame": {"x":740,"y":160,"w":100,"h":150},
	"rotated": false,
	"trimmed": true,
	"spriteSourceSize": {"x":0,"y":0,"w":100,"h":151},
	"sourceSize": {"w":100,"h":151}
}
,{
	"filename": "prop0017",
	"frame": {"x":845,"y":160,"w":100,"h":150},
	"rotated": false,
	"trimmed": true,
	"spriteSourceSize": {"x":0,"y":0,"w":100,"h":151},
	"sourceSize": {"w":100,"h":151}
}
,{
	"filename": "prop0018",
	"frame": {"x":5,"y":316,"w":100,"h":150},
	"rotated": false,
	"trimmed": true,
	"spriteSourceSize": {"x":0,"y":0,"w":100,"h":151},
	"sourceSize": {"w":100,"h":151}
}
,{
	"filename": "prop0019",
	"frame": {"x":110,"y":316,"w":100,"h":150},
	"rotated": false,
	"trimmed": true,
	"spriteSourceSize": {"x":0,"y":0,"w":100,"h":151},
	"sourceSize": {"w":100,"h":151}
}
,{
	"filename": "prop0020",
	"frame": {"x":215,"y":316,"w":100,"h":150},
	"rotated": false,
	"trimmed": true,
	"spriteSourceSize": {"x":0,"y":0,"w":100,"h":151},
	"sourceSize": {"w":100,"h":151}
}
,{
	"filename": "prop0021",
	"frame": {"x":320,"y":316,"w":100,"h":150},
	"rotated": false,
	"trimmed": true,
	"spriteSourceSize": {"x":0,"y":0,"w":100,"h":151},
	"sourceSize": {"w":100,"h":151}
}
,{
	"filename": "prop0022",
	"frame": {"x":425,"y":316,"w":100,"h":150},
	"rotated": false,
	"trimmed": true,
	"spriteSourceSize": {"x":0,"y":0,"w":100,"h":151},
	"sourceSize": {"w":100,"h":151}
}
,{
	"filename": "prop0023",
	"frame": {"x":425,"y":316,"w":100,"h":150},
	"rotated": false,
	"trimmed": true,
	"spriteSourceSize": {"x":0,"y":0,"w":100,"h":151},
	"sourceSize": {"w":100,"h":151}
}
,{
	"filename": "prop0024",
	"frame": {"x":530,"y":316,"w":100,"h":150},
	"rotated": false,
	"trimmed": true,
	"spriteSourceSize": {"x":0,"y":0,"w":100,"h":151},
	"sourceSize": {"w":100,"h":151}
}
,{
	"filename": "prop0025",
	"frame": {"x":635,"y":316,"w":100,"h":150},
	"rotated": false,
	"trimmed": true,
	"spriteSourceSize": {"x":0,"y":0,"w":100,"h":151},
	"sourceSize": {"w":100,"h":151}
}
,{
	"filename": "prop0026",
	"frame": {"x":740,"y":316,"w":100,"h":150},
	"rotated": false,
	"trimmed": true,
	"spriteSourceSize": {"x":0,"y":0,"w":100,"h":151},
	"sourceSize": {"w":100,"h":151}
}
,{
	"filename": "prop0027",
	"frame": {"x":845,"y":316,"w":100,"h":150},
	"rotated": false,
	"trimmed": true,
	"spriteSourceSize": {"x":0,"y":0,"w":100,"h":151},
	"sourceSize": {"w":100,"h":151}
}
,{
	"filename": "prop0028",
	"frame": {"x":5,"y":471,"w":100,"h":150},
	"rotated": false,
	"trimmed": true,
	"spriteSourceSize": {"x":0,"y":0,"w":100,"h":151},
	"sourceSize": {"w":100,"h":151}
}
,{
	"filename": "prop0029",
	"frame": {"x":110,"y":471,"w":100,"h":151},
	"rotated": false,
	"trimmed": false,
	"spriteSourceSize": {"x":0,"y":0,"w":100,"h":151},
	"sourceSize": {"w":100,"h":151}
}
,{
	"filename": "prop0030",
	"frame": {"x":425,"y":316,"w":100,"h":150},
	"rotated": false,
	"trimmed": true,
	"spriteSourceSize": {"x":0,"y":0,"w":100,"h":151},
	"sourceSize": {"w":100,"h":151}
}
,{
	"filename": "prop0031",
	"frame": {"x":425,"y":316,"w":100,"h":150},
	"rotated": false,
	"trimmed": true,
	"spriteSourceSize": {"x":0,"y":0,"w":100,"h":151},
	"sourceSize": {"w":100,"h":151}
}
,{
	"filename": "prop0032",
	"frame": {"x":425,"y":316,"w":100,"h":150},
	"rotated": false,
	"trimmed": true,
	"spriteSourceSize": {"x":0,"y":0,"w":100,"h":151},
	"sourceSize": {"w":100,"h":151}
}
,{
	"filename": "prop0033",
	"frame": {"x":425,"y":316,"w":100,"h":150},
	"rotated": false,
	"trimmed": true,
	"spriteSourceSize": {"x":0,"y":0,"w":100,"h":151},
	"sourceSize": {"w":100,"h":151}
}
,{
	"filename": "prop0034",
	"frame": {"x":425,"y":316,"w":100,"h":150},
	"rotated": false,
	"trimmed": true,
	"spriteSourceSize": {"x":0,"y":0,"w":100,"h":151},
	"sourceSize": {"w":100,"h":151}
}
,{
	"filename": "prop0035",
	"frame": {"x":425,"y":316,"w":100,"h":150},
	"rotated": false,
	"trimmed": true,
	"spriteSourceSize": {"x":0,"y":0,"w":100,"h":151},
	"sourceSize": {"w":100,"h":151}
}
,{
	"filename": "prop0036",
	"frame": {"x":425,"y":316,"w":100,"h":150},
	"rotated": false,
	"trimmed": true,
	"spriteSourceSize": {"x":0,"y":0,"w":100,"h":151},
	"sourceSize": {"w":100,"h":151}
}
,{
	"filename": "prop0037",
	"frame": {"x":425,"y":316,"w":100,"h":150},
	"rotated": false,
	"trimmed": true,
	"spriteSourceSize": {"x":0,"y":0,"w":100,"h":151},
	"sourceSize": {"w":100,"h":151}
}
,{
	"filename": "prop0038",
	"frame": {"x":425,"y":316,"w":100,"h":150},
	"rotated": false,
	"trimmed": true,
	"spriteSourceSize": {"x":0,"y":0,"w":100,"h":151},
	"sourceSize": {"w":100,"h":151}
}
,{
	"filename": "prop0039",
	"frame": {"x":425,"y":316,"w":100,"h":150},
	"rotated": false,
	"trimmed": true,
	"spriteSourceSize": {"x":0,"y":0,"w":100,"h":151},
	"sourceSize": {"w":100,"h":151}
}
,{
	"filename": "prop0040",
	"frame": {"x":425,"y":316,"w":100,"h":150},
	"rotated": false,
	"trimmed": true,
	"spriteSourceSize": {"x":0,"y":0,"w":100,"h":151},
	"sourceSize": {"w":100,"h":151}
}
,{
	"filename": "prop0041",
	"frame": {"x":425,"y":316,"w":100,"h":150},
	"rotated": false,
	"trimmed": true,
	"spriteSourceSize": {"x":0,"y":0,"w":100,"h":151},
	"sourceSize": {"w":100,"h":151}
}
,{
	"filename": "prop0042",
	"frame": {"x":425,"y":316,"w":100,"h":150},
	"rotated": false,
	"trimmed": true,
	"spriteSourceSize": {"x":0,"y":0,"w":100,"h":151},
	"sourceSize": {"w":100,"h":151}
}
,{
	"filename": "prop0043",
	"frame": {"x":425,"y":316,"w":100,"h":150},
	"rotated": false,
	"trimmed": true,
	"spriteSourceSize": {"x":0,"y":0,"w":100,"h":151},
	"sourceSize": {"w":100,"h":151}
}
,{
	"filename": "prop0044",
	"frame": {"x":425,"y":316,"w":100,"h":150},
	"rotated": false,
	"trimmed": true,
	"spriteSourceSize": {"x":0,"y":0,"w":100,"h":151},
	"sourceSize": {"w":100,"h":151}
}
,{
	"filename": "prop0045",
	"frame": {"x":425,"y":316,"w":100,"h":150},
	"rotated": false,
	"trimmed": true,
	"spriteSourceSize": {"x":0,"y":0,"w":100,"h":151},
	"sourceSize": {"w":100,"h":151}
}
,{
	"filename": "prop0046",
	"frame": {"x":425,"y":316,"w":100,"h":150},
	"rotated": false,
	"trimmed": true,
	"spriteSourceSize": {"x":0,"y":0,"w":100,"h":151},
	"sourceSize": {"w":100,"h":151}
}
,{
	"filename": "prop0047",
	"frame": {"x":425,"y":316,"w":100,"h":150},
	"rotated": false,
	"trimmed": true,
	"spriteSourceSize": {"x":0,"y":0,"w":100,"h":151},
	"sourceSize": {"w":100,"h":151}
}
,{
	"filename": "prop0048",
	"frame": {"x":425,"y":316,"w":100,"h":150},
	"rotated": false,
	"trimmed": true,
	"spriteSourceSize": {"x":0,"y":0,"w":100,"h":151},
	"sourceSize": {"w":100,"h":151}
}
,{
	"filename": "prop0049",
	"frame": {"x":425,"y":316,"w":100,"h":150},
	"rotated": false,
	"trimmed": true,
	"spriteSourceSize": {"x":0,"y":0,"w":100,"h":151},
	"sourceSize": {"w":100,"h":151}
}
,{
	"filename": "prop0050",
	"frame": {"x":215,"y":471,"w":100,"h":150},
	"rotated": false,
	"trimmed": true,
	"spriteSourceSize": {"x":0,"y":0,"w":100,"h":151},
	"sourceSize": {"w":100,"h":151}
}
,{
	"filename": "prop0051",
	"frame": {"x":215,"y":471,"w":100,"h":150},
	"rotated": false,
	"trimmed": true,
	"spriteSourceSize": {"x":0,"y":0,"w":100,"h":151},
	"sourceSize": {"w":100,"h":151}
}
,{
	"filename": "prop0052",
	"frame": {"x":320,"y":471,"w":100,"h":150},
	"rotated": false,
	"trimmed": true,
	"spriteSourceSize": {"x":0,"y":0,"w":100,"h":151},
	"sourceSize": {"w":100,"h":151}
}
,{
	"filename": "prop0053",
	"frame": {"x":425,"y":471,"w":100,"h":150},
	"rotated": false,
	"trimmed": true,
	"spriteSourceSize": {"x":0,"y":0,"w":100,"h":151},
	"sourceSize": {"w":100,"h":151}
}
,{
	"filename": "prop0054",
	"frame": {"x":530,"y":471,"w":100,"h":150},
	"rotated": false,
	"trimmed": true,
	"spriteSourceSize": {"x":0,"y":0,"w":100,"h":151},
	"sourceSize": {"w":100,"h":151}
}
,{
	"filename": "prop0055",
	"frame": {"x":635,"y":471,"w":100,"h":150},
	"rotated": false,
	"trimmed": true,
	"spriteSourceSize": {"x":0,"y":0,"w":100,"h":151},
	"sourceSize": {"w":100,"h":151}
}
,{
	"filename": "prop0056",
	"frame": {"x":740,"y":471,"w":100,"h":150},
	"rotated": false,
	"trimmed": true,
	"spriteSourceSize": {"x":0,"y":0,"w":100,"h":151},
	"sourceSize": {"w":100,"h":151}
}
,{
	"filename": "prop0057",
	"frame": {"x":845,"y":471,"w":100,"h":150},
	"rotated": false,
	"trimmed": true,
	"spriteSourceSize": {"x":0,"y":0,"w":100,"h":151},
	"sourceSize": {"w":100,"h":151}
}
,{
	"filename": "prop0058",
	"frame": {"x":5,"y":627,"w":100,"h":150},
	"rotated": false,
	"trimmed": true,
	"spriteSourceSize": {"x":0,"y":0,"w":100,"h":151},
	"sourceSize": {"w":100,"h":151}
}
,{
	"filename": "prop0059",
	"frame": {"x":110,"y":627,"w":100,"h":150},
	"rotated": false,
	"trimmed": true,
	"spriteSourceSize": {"x":0,"y":0,"w":100,"h":151},
	"sourceSize": {"w":100,"h":151}
}
,{
	"filename": "prop0060",
	"frame": {"x":215,"y":627,"w":100,"h":150},
	"rotated": false,
	"trimmed": true,
	"spriteSourceSize": {"x":0,"y":0,"w":100,"h":151},
	"sourceSize": {"w":100,"h":151}
}
,{
	"filename": "prop0061",
	"frame": {"x":320,"y":627,"w":100,"h":151},
	"rotated": false,
	"trimmed": false,
	"spriteSourceSize": {"x":0,"y":0,"w":100,"h":151},
	"sourceSize": {"w":100,"h":151}
}
,{
	"filename": "prop0062",
	"frame": {"x":425,"y":627,"w":100,"h":150},
	"rotated": false,
	"trimmed": true,
	"spriteSourceSize": {"x":0,"y":0,"w":100,"h":151},
	"sourceSize": {"w":100,"h":151}
}
,{
	"filename": "prop0063",
	"frame": {"x":530,"y":627,"w":100,"h":150},
	"rotated": false,
	"trimmed": true,
	"spriteSourceSize": {"x":0,"y":0,"w":100,"h":151},
	"sourceSize": {"w":100,"h":151}
}
,{
	"filename": "prop0064",
	"frame": {"x":635,"y":627,"w":100,"h":150},
	"rotated": false,
	"trimmed": true,
	"spriteSourceSize": {"x":0,"y":0,"w":100,"h":151},
	"sourceSize": {"w":100,"h":151}
}
,{
	"filename": "prop0065",
	"frame": {"x":740,"y":627,"w":100,"h":150},
	"rotated": false,
	"trimmed": true,
	"spriteSourceSize": {"x":0,"y":0,"w":100,"h":151},
	"sourceSize": {"w":100,"h":151}
}
,{
	"filename": "prop0066",
	"frame": {"x":845,"y":627,"w":100,"h":150},
	"rotated": false,
	"trimmed": true,
	"spriteSourceSize": {"x":0,"y":0,"w":100,"h":151},
	"sourceSize": {"w":100,"h":151}
}
,{
	"filename": "prop0067",
	"frame": {"x":5,"y":783,"w":100,"h":150},
	"rotated": false,
	"trimmed": true,
	"spriteSourceSize": {"x":0,"y":0,"w":100,"h":151},
	"sourceSize": {"w":100,"h":151}
}
,{
	"filename": "prop0068",
	"frame": {"x":110,"y":783,"w":100,"h":150},
	"rotated": false,
	"trimmed": true,
	"spriteSourceSize": {"x":0,"y":0,"w":100,"h":151},
	"sourceSize": {"w":100,"h":151}
}
,{
	"filename": "prop0069",
	"frame": {"x":215,"y":783,"w":100,"h":150},
	"rotated": false,
	"trimmed": true,
	"spriteSourceSize": {"x":0,"y":0,"w":100,"h":151},
	"sourceSize": {"w":100,"h":151}
}
,{
	"filename": "prop0070",
	"frame": {"x":320,"y":783,"w":100,"h":150},
	"rotated": false,
	"trimmed": true,
	"spriteSourceSize": {"x":0,"y":0,"w":100,"h":151},
	"sourceSize": {"w":100,"h":151}
}
,{
	"filename": "prop0071",
	"frame": {"x":425,"y":783,"w":100,"h":150},
	"rotated": false,
	"trimmed": true,
	"spriteSourceSize": {"x":0,"y":0,"w":100,"h":151},
	"sourceSize": {"w":100,"h":151}
}
,{
	"filename": "prop0072",
	"frame": {"x":530,"y":783,"w":0,"h":0},
	"rotated": false,
	"trimmed": true,
	"spriteSourceSize": {"x":50,"y":150,"w":100,"h":151},
	"sourceSize": {"w":100,"h":151}
}
,{
	"filename": "prop0073",
	"frame": {"x":530,"y":783,"w":0,"h":0},
	"rotated": false,
	"trimmed": true,
	"spriteSourceSize": {"x":50,"y":150,"w":100,"h":151},
	"sourceSize": {"w":100,"h":151}
}
,{
	"filename": "prop0074",
	"frame": {"x":530,"y":783,"w":0,"h":0},
	"rotated": false,
	"trimmed": true,
	"spriteSourceSize": {"x":50,"y":150,"w":100,"h":151},
	"sourceSize": {"w":100,"h":151}
}
,{
	"filename": "prop0075",
	"frame": {"x":530,"y":783,"w":0,"h":0},
	"rotated": false,
	"trimmed": true,
	"spriteSourceSize": {"x":50,"y":150,"w":100,"h":151},
	"sourceSize": {"w":100,"h":151}
}
,{
	"filename": "prop0076",
	"frame": {"x":530,"y":783,"w":0,"h":0},
	"rotated": false,
	"trimmed": true,
	"spriteSourceSize": {"x":50,"y":150,"w":100,"h":151},
	"sourceSize": {"w":100,"h":151}
}
,{
	"filename": "prop0077",
	"frame": {"x":530,"y":783,"w":0,"h":0},
	"rotated": false,
	"trimmed": true,
	"spriteSourceSize": {"x":50,"y":150,"w":100,"h":151},
	"sourceSize": {"w":100,"h":151}
}
,{
	"filename": "prop0078",
	"frame": {"x":530,"y":783,"w":0,"h":0},
	"rotated": false,
	"trimmed": true,
	"spriteSourceSize": {"x":50,"y":150,"w":100,"h":151},
	"sourceSize": {"w":100,"h":151}
}
,{
	"filename": "prop0079",
	"frame": {"x":530,"y":783,"w":0,"h":0},
	"rotated": false,
	"trimmed": true,
	"spriteSourceSize": {"x":50,"y":150,"w":100,"h":151},
	"sourceSize": {"w":100,"h":151}
}
,{
	"filename": "prop0080",
	"frame": {"x":530,"y":783,"w":0,"h":0},
	"rotated": false,
	"trimmed": true,
	"spriteSourceSize": {"x":50,"y":150,"w":100,"h":151},
	"sourceSize": {"w":100,"h":151}
}
,{
	"filename": "prop0081",
	"frame": {"x":530,"y":783,"w":0,"h":0},
	"rotated": false,
	"trimmed": true,
	"spriteSourceSize": {"x":50,"y":150,"w":100,"h":151},
	"sourceSize": {"w":100,"h":151}
}
,{
	"filename": "prop0082",
	"frame": {"x":530,"y":783,"w":0,"h":0},
	"rotated": false,
	"trimmed": true,
	"spriteSourceSize": {"x":50,"y":150,"w":100,"h":151},
	"sourceSize": {"w":100,"h":151}
}
,{
	"filename": "prop0083",
	"frame": {"x":530,"y":783,"w":0,"h":0},
	"rotated": false,
	"trimmed": true,
	"spriteSourceSize": {"x":50,"y":150,"w":100,"h":151},
	"sourceSize": {"w":100,"h":151}
}
,{
	"filename": "prop0084",
	"frame": {"x":530,"y":783,"w":0,"h":0},
	"rotated": false,
	"trimmed": true,
	"spriteSourceSize": {"x":50,"y":150,"w":100,"h":151},
	"sourceSize": {"w":100,"h":151}
}
,{
	"filename": "prop0085",
	"frame": {"x":530,"y":783,"w":0,"h":0},
	"rotated": false,
	"trimmed": true,
	"spriteSourceSize": {"x":50,"y":150,"w":100,"h":151},
	"sourceSize": {"w":100,"h":151}
}
,{
	"filename": "prop0086",
	"frame": {"x":530,"y":783,"w":0,"h":0},
	"rotated": false,
	"trimmed": true,
	"spriteSourceSize": {"x":50,"y":150,"w":100,"h":151},
	"sourceSize": {"w":100,"h":151}
}
,{
	"filename": "prop0087",
	"frame": {"x":530,"y":783,"w":0,"h":0},
	"rotated": false,
	"trimmed": true,
	"spriteSourceSize": {"x":50,"y":150,"w":100,"h":151},
	"sourceSize": {"w":100,"h":151}
}
,{
	"filename": "prop0088",
	"frame": {"x":530,"y":783,"w":0,"h":0},
	"rotated": false,
	"trimmed": true,
	"spriteSourceSize": {"x":50,"y":150,"w":100,"h":151},
	"sourceSize": {"w":100,"h":151}
}
,{
	"filename": "prop0089",
	"frame": {"x":530,"y":783,"w":0,"h":0},
	"rotated": false,
	"trimmed": true,
	"spriteSourceSize": {"x":50,"y":150,"w":100,"h":151},
	"sourceSize": {"w":100,"h":151}
}
,{
	"filename": "prop0090",
	"frame": {"x":530,"y":783,"w":0,"h":0},
	"rotated": false,
	"trimmed": true,
	"spriteSourceSize": {"x":50,"y":150,"w":100,"h":151},
	"sourceSize": {"w":100,"h":151}
}
,{
	"filename": "prop0091",
	"frame": {"x":530,"y":783,"w":0,"h":0},
	"rotated": false,
	"trimmed": true,
	"spriteSourceSize": {"x":50,"y":150,"w":100,"h":151},
	"sourceSize": {"w":100,"h":151}
}
,{
	"filename": "prop0092",
	"frame": {"x":530,"y":783,"w":0,"h":0},
	"rotated": false,
	"trimmed": true,
	"spriteSourceSize": {"x":50,"y":150,"w":100,"h":151},
	"sourceSize": {"w":100,"h":151}
}
,{
	"filename": "prop0093",
	"frame": {"x":530,"y":783,"w":0,"h":0},
	"rotated": false,
	"trimmed": true,
	"spriteSourceSize": {"x":50,"y":150,"w":100,"h":151},
	"sourceSize": {"w":100,"h":151}
}
,{
	"filename": "prop0094",
	"frame": {"x":530,"y":783,"w":0,"h":0},
	"rotated": false,
	"trimmed": true,
	"spriteSourceSize": {"x":50,"y":150,"w":100,"h":151},
	"sourceSize": {"w":100,"h":151}
}
,{
	"filename": "prop0095",
	"frame": {"x":530,"y":783,"w":0,"h":0},
	"rotated": false,
	"trimmed": true,
	"spriteSourceSize": {"x":50,"y":150,"w":100,"h":151},
	"sourceSize": {"w":100,"h":151}
}
,{
	"filename": "prop0096",
	"frame": {"x":530,"y":783,"w":0,"h":0},
	"rotated": false,
	"trimmed": true,
	"spriteSourceSize": {"x":50,"y":150,"w":100,"h":151},
	"sourceSize": {"w":100,"h":151}
}
,{
	"filename": "prop0097",
	"frame": {"x":530,"y":783,"w":0,"h":0},
	"rotated": false,
	"trimmed": true,
	"spriteSourceSize": {"x":50,"y":150,"w":100,"h":151},
	"sourceSize": {"w":100,"h":151}
}
,{
	"filename": "prop0098",
	"frame": {"x":530,"y":783,"w":0,"h":0},
	"rotated": false,
	"trimmed": true,
	"spriteSourceSize": {"x":50,"y":150,"w":100,"h":151},
	"sourceSize": {"w":100,"h":151}
}
,{
	"filename": "prop0099",
	"frame": {"x":530,"y":783,"w":0,"h":0},
	"rotated": false,
	"trimmed": true,
	"spriteSourceSize": {"x":50,"y":150,"w":100,"h":151},
	"sourceSize": {"w":100,"h":151}
}],
"meta": {
	"app": "Adobe Flash CS6",
	"version": "12.0.0.481",
	"image": "SmallProps.png",
	"format": "RGBA8888",
	"size": {"w":1024,"h":1024},
	"scale": "1"
}
}
