{
	"player":{ "x":1, "y":0 },
	"goal":{"ax":11,"bx":12,"ay":0,"by":1},

	"shadows": [

		{"ax":1,"bx":1,"ay":0,"by":23},
		{"ax":12,"bx":12,"ay":0,"by":23},
		{"ax":1,"bx":12,"ay":23,"by":23},

		{"ax":2,"bx":2,"ay":0,"by":18},
		{"ax":2,"bx":2,"ay":17,"by":18},
		{"ax":2,"bx":3,"ay":17,"by":17},
		{"ax":3,"bx":6,"ay":17,"by":17},
		{"ax":7,"bx":10,"ay":17,"by":17},
		{"ax":10,"bx":11,"ay":17,"by":17},
		{"ax":11,"bx":11,"ay":11,"by":17},
		{"ax":11,"bx":11,"ay":17,"by":18},
		{"ax":7,"bx":11,"ay":11,"by":11},
		{"ax":3,"bx":6,"ay":11,"by":11},
		{"ax":3,"bx":3,"ay":0,"by":11},

		{"ax":9,"bx":12,"ay":5,"by":5},
		{"ax":9,"bx":9,"ay":5,"by":6},

		{"ax":3,"bx":3,"ay":11,"by":17},
		{"ax":10,"bx":10,"ay":11,"by":17},

		{"ax":11,"bx":11,"ay":0,"by":4}
		
	],

	"prisms": [
		{ "x":1, "y":22, "id":"power" },
		{ "x":6, "y":15 },
		{ "x":3, "y":5.3 }
	],

	"dummies": [],
	"doors": [],

	"blocks": [
		{"x":4, "y":20.4, "frame":10, "flip":true},
		{"x":8, "y":20.4, "frame":10},
		{	
			"x":6, "y":20.5,
			"width":3, "height":1,
			"frame":0
		},

		{"x":6, "y":17, "frame":4},

		{"x":4, "y":5, "frame":0},
		{"x":4.1, "y":5.01, "frame":24},
		{"x":5, "y":5, "frame":0},
		{"x":6, "y":5, "frame":0},
		{"x":7, "y":5, "frame":0},
		{"x":8, "y":5, "frame":0}

	],

	"conveyors": [
		{
			"belt": {"ax":3,"bx":9,"ay":13,"by":14},
			"direction": {"x":2,"y":0},
			"activator": "power"
		},
		{
			"belt": {"ax":9,"bx":10,"ay":13,"by":15},
			"direction": {"x":0,"y":2},
			"activator": "power"
		},
		{
			"belt": {"ax":4,"bx":10,"ay":15,"by":16},
			"direction": {"x":-2,"y":0},
			"activator": "power"
		},
		{
			"belt": {"ax":3,"bx":4,"ay":14,"by":16},
			"direction": {"x":0,"y":-2},
			"activator": "power"
		}
	],

	"checkpoints": [
		{"ax":1,"bx":2,"ay":18,"by":19},
		{"ax":11,"bx":12,"ay":8,"by":11},
		{"ax":3,"bx":10,"ay":12,"by":17}
	],

	"camera": [
		{
			"type": "fixed",
			"zone": {"ax":0,"bx":13,"ay":0,"by":5},
			"data": {"x":6.5,"y":5}
		},
		{
			"type": "rails",
			"zone": {"ax":0,"bx":13,"ay":5,"by":17},
			"data": {"ax":6.5,"bx":6.5,"ay":5,"by":17}
		},
		{
			"type": "fixed",
			"zone": {"ax":0,"bx":13,"ay":17,"by":22},
			"data": {"x":6.5,"y":17}
		}
	],

	"dialogues": [
		{
			"area": {"ax":1,"bx":2,"ay":2,"by":4},
			"queue": [
				{
					"message": "Poor 'Nobody'. I think he picked up the only iEye that was looking at him.",
					"duration": 4000
				},
				{
					"message": "Glad I've never done that.",
					"duration": 2000
				}
			]
		}
	],

	"propaganda": [
		{"type":"image", "img":"propaganda_nobody_messes", "x":3, "y":0},
		{"type":"image", "img":"propaganda_nobody_the_wall_2", "x":9, "y":5}
	],

	"art": {
		"background": false,
		"cam": false,
		"lights": []
	}

}