{
	"player":{ "x":9, "y":25 },
	"goal":{"ax":18,"bx":19,"ay":4,"by":5},

	"shadows": [

		{"ax":1,"bx":1,"ay":5,"by":21},
		{"ax":18,"bx":18,"ay":5,"by":21},

		{"ax":8,"bx":8,"ay":5,"by":12},
		{"ax":11,"bx":11,"ay":5,"by":12},
		{"ax":0,"bx":8,"ay":5,"by":5},
		{"ax":11,"bx":19,"ay":5,"by":5},

		{"ax":4,"bx":4,"ay":13,"by":20},
		{"ax":4,"bx":15,"ay":13,"by":13},
		{"ax":15,"bx":15,"ay":13,"by":20},

		{"ax":1,"bx":9,"ay":21,"by":21},
		{"ax":9,"bx":9,"ay":21,"by":26},
		{"ax":10,"bx":10,"ay":21,"by":26},
		{"ax":10,"bx":18,"ay":21,"by":21}

	],

	"prisms": [
		{ "x":9, "y":20 },
		{ "x":16, "y":12 },
		{ "x":2, "y":12, "id":"power" }
	],

	"dummies": [],
	"doors": [],

	"blocks": [

		{"x":0,"y":3.9, "frame":15},

		{"x":1,"y":16, "frame":15},
		{"x":2,"y":16, "frame":15},
		{"x":3,"y":16, "frame":15},

		{"x":15,"y":16, "frame":17},
		{"x":16,"y":16, "frame":17},
		{"x":17,"y":16, "frame":17},

		{"x":8,"y":10, 	"frame":16},
		{"x":9,"y":10, 	"frame":16},
		{"x":10,"y":10,	"frame":16},
		{"x":8,"y":9, 	"frame":16},
		{"x":9,"y":9, 	"frame":16},
		{"x":10,"y":9, 	"frame":16},
		{"x":8,"y":8, 	"frame":16},
		{"x":10,"y":8, 	"frame":16}

	],

	"conveyors": [
		{ "belt": {"ax":15,"bx":17,"ay":15,"by":16}, "direction": {"x":2,"y":0}, "activator": "power" },
		{ "belt": {"ax":17,"bx":18,"ay":15,"by":17}, "direction": {"x":0,"y":2}, "activator": "power" },
		{ "belt": {"ax":16,"bx":18,"ay":17,"by":18}, "direction": {"x":-2,"y":0}, "activator": "power" },
		{ "belt": {"ax":15,"bx":16,"ay":16,"by":18}, "direction": {"x":0,"y":-2}, "activator": "power" },

		{ "belt": {"ax":9,"bx":11,"ay":8,"by":9}, "direction": {"x":-2,"y":0}, "activator": "power" },
		{ "belt": {"ax":8,"bx":9,"ay":8,"by":10}, "direction": {"x":0,"y":2}, "activator": "power" },
		{ "belt": {"ax":8,"bx":10,"ay":10,"by":11}, "direction": {"x":2,"y":0}, "activator": "power" },
		{ "belt": {"ax":10,"bx":11,"ay":9,"by":11}, "direction": {"x":0,"y":-2}, "activator": "power" }
	],

	"camera": [
		{
			"type": "rails",
			"zone": {"ax":0,"bx":19,"ay":21,"by":26},
			"data": {"ax":9.5,"bx":9.5,"ay":21,"by":26}
		},
		{
			"type": "fixed",
			"zone": {"ax":0,"bx":19,"ay":14,"by":21},
			"data": {"x":9.5,"y":16}
		},
		{
			"type": "rails",
			"zone": {"ax":0,"bx":19,"ay":6,"by":14},
			"data": {"ax":9.5,"bx":9.5,"ay":6,"by":14}
		},
		{
			"type": "fixed",
			"zone": {"ax":0,"bx":19,"ay":0,"by":6},
			"data": {"x":9.5,"y":6}
		}
	],

	"checkpoints": [
		{"ax":15,"bx":18,"ay":12,"by":13},
		{"ax":8,"bx":11,"ay":5,"by":7}
	],

	"dialogues": [
		{
			"area": {"ax":15,"bx":18,"ay":14,"by":15},
			"queue": [
				{
					"wait": 500,
					"sound": ["sfx_shotdown",null,0,0,0,0.4,1]
				},
				{
					"message": "What... what was that noise?",
					"duration": 2000
				}
			]
		},
		{
			"area": {"ax":7,"bx":12,"ay":4,"by":5},
			"queue": [
				{
					"message": "Oh my... that looks uncomfortable.",
					"duration": 2000
				}
			]
		}
	],

	"propaganda": [
		{"type":"image", "img":"propaganda_tut_power", "x":4, "y":14},
		{"type":"image", "img":"propaganda_stream_wall", "x":1, "y":9},
		{"type":"image", "img":"propaganda_stream_wall_2", "x":0, "y":0}
	],

	"art": {
		"background": false,
		"cam": false,
		"lights":[]
	}

}